{
  "camera": {
    "azimuth": 0.06998997181653976,
    "distance": 1548.798583984375,
    "elevation": 0.8200002312660217,
    "targetX": -140.49534606933594,
    "targetY": 4.87561559677124,
    "targetZ": 325.6835632324219
  },
  "roads": {
    "path": "data/roads.json"
  },
  "terrain": {
    "colorMode": 1,
    "depthM": 2047.0,
    "divisionsX": 127,
    "divisionsY": 127,
    "heightM": 100.0,
    "offsetX": 0.0,
    "offsetZ": 0.0,
    "path": "data/heightmap.png",
    "texturePath": "D:\\GitHub\\directx-viewer\\data\\texture.png",
    "visible": true,
    "widthM": 2047.0,
    "wireframe": false
  },
  "version": 1
}