{
  "camera": {
    "azimuth": -0.07500951737165451,
    "distance": 1759.99951171875,
    "elevation": 0.8350017070770264,
    "targetX": 231.16680908203125,
    "targetY": -354.3473205566406,
    "targetZ": 261.3098449707031
  },
  "roads": {
    "path": "data/roads.json"
  },
  "terrain": {
    "colorMode": 1,
    "depthM": 2047.0,
    "divisionsX": 127,
    "divisionsY": 127,
    "heightM": 100.0,
    "offsetX": 0.0,
    "offsetZ": 0.0,
    "path": "data/heightmap.png",
    "texturePath": "D:\\GitHub\\directx-viewer\\data\\texture.png",
    "visible": true,
    "widthM": 2047.0,
    "wireframe": false
  },
  "version": 1
}