{
  "camera": {
    "azimuth": -0.020010054111480713,
    "distance": 1055.4632568359375,
    "elevation": 0.8400019407272339,
    "targetX": -59.16713333129883,
    "targetY": 131.5023956298828,
    "targetZ": 592.5582885742188
  },
  "roads": {
    "path": "data/roads.json"
  },
  "terrain": {
    "colorMode": 1,
    "depthM": 2047.0,
    "divisionsX": 127,
    "divisionsY": 127,
    "heightM": 100.0,
    "offsetX": 0.0,
    "offsetZ": 0.0,
    "path": "data/heightmap.png",
    "texturePath": "D:\\GitHub\\directx-viewer\\data\\texture.png",
    "visible": true,
    "widthM": 2047.0,
    "wireframe": false
  },
  "version": 1
}