{
  "camera": {
    "azimuth": -0.2600100040435791,
    "distance": 1362.9427490234375,
    "elevation": 0.7100003361701965,
    "targetX": -140.49534606933594,
    "targetY": 4.87561559677124,
    "targetZ": 325.6835632324219
  },
  "roads": {
    "path": "data/roads.json"
  },
  "terrain": {
    "colorMode": 1,
    "depthM": 2047.0,
    "divisionsX": 127,
    "divisionsY": 127,
    "heightM": 100.0,
    "lightingMode": 0,
    "offsetX": 0.0,
    "offsetZ": 0.0,
    "path": "data/heightmap.png",
    "shadowBias": 0.001500000013038516,
    "shadowStrength": 0.7200000286102295,
    "sunAzimuth": 0.9800000190734863,
    "sunElevation": 0.7799999713897705,
    "texturePath": "D:\\GitHub\\directx-viewer\\data\\texture.png",
    "visible": true,
    "widthM": 2047.0,
    "wireframe": false
  },
  "version": 1
}