{
  "camera": {
    "azimuth": -0.3850099742412567,
    "distance": 1999.998046875,
    "elevation": 0.835000216960907,
    "targetX": -28.686674118041992,
    "targetY": -179.44558715820313,
    "targetZ": 183.65325927734375
  },
  "roads": {
    "path": "data/roads.json"
  },
  "terrain": {
    "colorMode": 1,
    "depthM": 2047.0,
    "divisionsX": 127,
    "divisionsY": 127,
    "heightM": 100.0,
    "lightingMode": 0,
    "offsetX": 0.0,
    "offsetZ": 0.0,
    "path": "data/heightmap.png",
    "shadowBias": 0.001500000013038516,
    "shadowStrength": 0.7200000286102295,
    "sunAzimuth": 0.9800000190734863,
    "sunElevation": 0.7799999713897705,
    "texturePath": "D:\\GitHub\\directx-viewer\\data\\texture.png",
    "visible": true,
    "widthM": 2047.0,
    "wireframe": false
  },
  "version": 1
}