{
  "backgroundColor": [
    0.2664092779159546,
    0.2664092779159546,
    0.2664092779159546
  ],
  "contourColor": [
    0.23552125692367554,
    0.23552125692367554,
    0.23552125692367554
  ],
  "gridBaseScale": 13.199999809265137,
  "gridFadeDistance": 2219.0,
  "roadGradeRedThresholdPercent": 15.0,
  "showContours": true,
  "showFps": false,
  "showIntersectionNames": false,
  "showRoadGradeGradient": true,
  "showRoadNames": true,
  "showRoadPreviewMetrics": false
}